,,,https://www.list.am/,https:undefined,https:undefined
,,,https://www.list.am/,https:undefined,https:undefined
,,,https://www.list.am#,https:undefined,https:undefined
,,,https://www.list.am/my,https:undefined,https:undefined
,,,https://www.list.am/add,https:undefined,https:undefined
,,,https://www.list.am/category/29,https:undefined,https:undefined
,,,https://www.list.am/category/65,https:undefined,https:undefined
,,,https://www.list.am/category/54,https:undefined,https:undefined
,,,https://www.list.am/category/16,https:undefined,https:undefined
,,,https://www.list.am/category/4,https:undefined,https:undefined
,,,https://www.list.am/category/17,https:undefined,https:undefined
,,,https://www.list.am/category/133,https:undefined,https:undefined
,,,https://www.list.am/category/26,https:undefined,https:undefined
,,,https://www.list.am/category/84,https:undefined,https:undefined
,,,https://www.list.am/,https:undefined,https:undefined
,,,https://www.list.am/category?q=traktr&gl=2,https:undefined,https:undefined
,,,https://www.list.am/category?q=traktr&gl=1,https:undefined,https:undefined
,,,https://www.list.am#,https:undefined,https:undefined
,,,https://www.list.am#,https:undefined,https:undefined
,,,https://www.list.am#,https:undefined,https:undefined
,,,https://www.list.am#,https:undefined,https:undefined
,,,https://www.list.am#,https:undefined,https:undefined
,,,https://www.list.amundefined,https:undefined,https:undefined
,,,https://www.list.am#,https:/img/fgo.png,https:undefined
,,,https://www.list.am/category/16?q=traktr,https:undefined,https:undefined
,,,https://www.list.am/category/22?q=traktr,https:undefined,https:undefined
,,,https://www.list.am/category/115?q=traktr,https:undefined,https:undefined
,,,https://www.list.am/category/190?q=traktr,https:undefined,https:undefined
,,,https://www.list.am/category/114?q=traktr,https:undefined,https:undefined
,,,https://www.list.am/category/191?q=traktr,https:undefined,https:undefined
,,,https://www.list.am/category/29?q=traktr,https:undefined,https:undefined
,,,https://www.list.am/category/51?q=traktr,https:undefined,https:undefined
,,,https://www.list.am/category/47?q=traktr,https:undefined,https:undefined
,,,https://www.list.am/category/65?q=traktr,https:undefined,https:undefined
,,,https://www.list.am/category/73?q=traktr,https:undefined,https:undefined
,,,https://www.list.am/category/112?q=traktr,https:undefined,https:undefined
,,,https://www.list.am/category/111?q=traktr,https:undefined,https:undefined
,,,https://www.list.am/help/40,https:undefined,https:undefined
Պատվերով Էքսկավատոր komatsu wb93S excavator Экскаватор exkavator Екскаватор JCB 3CX տրակտոր трактор,"75,000 ֏ օրական",Շենգավիթ,https://www.list.am/item/16952690,https://s.list.am/r/606/67037606.jpg,https:undefined
Շարժական վուլկանիզացիա 24 ժ,,Կենտրոն,https://www.list.am/item/16509152,https://s.list.am/r/555/55982555.jpg,https:undefined
Անհրաժեշտ է Տրակտորիստ,,"Մարտունի, Մշտական, Ամբողջ դրույք",https://www.list.am/item/18874336,https:undefined,https:undefined
ԱՌԿԱ Է Excavator YUCHAI 3.8 Ton Kubota Էքսկավատոր տրակտոր tractor трактор трактр экскаватор JCB CAT KOMATSU,"16,000,000 ֏",Շենգավիթ,https://www.list.am/item/16640106,https://s.list.am/r/506/56000506.jpg,https:undefined
"Էվակուատոր 24 ժամ, ավտոքարշակ евакуатор շուրջօրյա երևանում և մարզերում",,Կենտրոն,https://www.list.am/item/17775176,https://s.list.am/r/427/61862427.jpg,https:undefined
"БОЛЬШАЯ СКИДКА, ԼԶԻՆԳ 5%, ԱԱՀ-ով, Погрузчик SDLG L956F 5т/3куб трактор պագրուզչիկ պոգրուզչիկ տրակտոր JCB CAT","33,000,000 ֏",Կենտրոն,https://www.list.am/item/17603510,https://s.list.am/r/512/63157512.jpg,https:undefined
Շինարարական տեխնիկայի վարձույթ JCB. CAT. KOMATSU. Трактор,"80,000 ֏ օրական",Աջափնյակ,https://www.list.am/item/17228574,https://s.list.am/r/479/59009479.jpg,https:undefined
Պատվերով Էքսկավատոր Экскаватор трактор caterpillar exkavator Екскаватор Cat 428 F jcb տրակտոր,"75,000 ֏ օրական",Շենգավիթ,https://www.list.am/item/17399196,https://s.list.am/r/877/61637877.jpg,https:undefined
Խոտ հնձիչ տրակտոր,"1,542,000 ֏",Արտաշատ,https://www.list.am/item/17730279,https:,https://s.list.am/r/412/61635412.jpg
Трактор JCB Cat Eqskavator,,Քանաքեռ Զեյթուն,https://www.list.am/item/13653802,https:,https://s.list.am/r/240/50201240.jpg
"HOLLAND, CAT, JCBԷքսկավատորներ (Տրակտորներ) Գրագետ վարորդներով","12,000 ֏ ժամում",Շենգավիթ,https://www.list.am/item/18903804,https:,https://s.list.am/r/465/68027465.jpg
Յումզ Տրակտոր,"700,000 ֏",Արարատ,https://www.list.am/item/18395511,https:,https://s.list.am/r/813/65205813.jpg
Տրակտոր էքսկավատոր,"55,000 ֏","Աջափնյակ, Նոր",https://www.list.am/item/18351518,https:,https://s.list.am/r/345/65166345.jpg
МТЗ 82 տրակտոր պագռուզչիկ,"$5,000",Նոյեմբերյան,https://www.list.am/item/18147267,https:,https://s.list.am/r/034/63843034.jpg
T16 трактор,"$5,000",Արտաշատ,https://www.list.am/item/16532614,https:,https://s.list.am/r/183/55410183.jpg
Юмз 1991год,"2,300,000 ֏",Արտաշատ,https://www.list.am/item/17694843,https:,https://s.list.am/r/068/63624068.jpg
Տ16 Տրակտոր,"$4,300",Արտաշատ,https://www.list.am/item/17986394,https:,https://s.list.am/r/623/62972623.jpg
"Кировец ХТЗ Т 150 К трактор, Կիրովեց Տ-150 Կ տրակտոր Kirovec T 150","$10,300",Վանաձոր,https://www.list.am/item/16069544,https:,https://s.list.am/r/316/57567316.jpg
T16 трактор տրակտոր sashe,"$3,500",Ալավերդի,https://www.list.am/item/16266323,https:,https://s.list.am/r/391/53868391.jpg
Տրակտոր MTZ-82,"$15,000",Գողթ,https://www.list.am/item/13835733,https:,https://s.list.am/r/874/43674874.jpg
Բաժանարար զլի զիլ տրակտօրի տրակտոր бажанарар зил зли трактор трактори те 25,"35,000 ֏","Հարմար է ZIL (ЗИЛ) 4105Զոլաքար, Օգտագործված",https://www.list.am/item/18903270,https:,https://s.list.am/r/156/68025156.jpg
Jcb cat Տրակտոր տրաքտոր կատ քատ Ջսբ,,Արաբկիր,https://www.list.am/item/16186032,https:,https://s.list.am/r/899/53387899.jpg
Մոտոբլոկ տրակտոր,"350,000 ֏",Էջմիածին,https://www.list.am/item/18613485,https:,https://s.list.am/r/501/66420501.jpg
Օրվա վարձով Տրակտոր jsb,,Շենգավիթ,https://www.list.am/item/17034482,https:,https://s.list.am/r/569/58051569.jpg
Jcb CAT էքսկավատոր տրակտոր,,Մալաթիա Սեբաստիա,https://www.list.am/item/18905513,https:,https://s.list.am/r/485/68038485.jpg
Տ 42 Տրակտոր պերեդոկով,"$4,500",Ծիածան,https://www.list.am/item/17459331,https:,https://s.list.am/r/469/60193469.jpg
Տրակտոր լովոլ,"$7,700",Ապարան,https://www.list.am/item/16219405,https:,https://s.list.am/r/527/61570527.jpg
3 тонн miniekskavator օրավարձ ժամավարձ миниэкскаватор jcb bobcat,"70,000 ֏",Կենտրոն,https://www.list.am/item/15623284,https:,https://s.list.am/r/448/66118448.jpg
Exkavator Hyundai օրավարձ170 - 336cat jcb jsb էքսկավատոր,"2,300 ֏",Արաբկիր,https://www.list.am/item/15636399,https:,https://s.list.am/r/797/60479797.jpg
Պատվերով տրակտոր,"17,000 ֏ ժամում",Արաբկիր,https://www.list.am/item/18800918,https:,https://s.list.am/r/317/67452317.jpg
Բելառուս տրակտոր,"13,000,000 ֏",Ապարան,https://www.list.am/item/18178709,https:,https://s.list.am/r/997/64015997.jpg
Բելարուս 80 տրակտոր,"$3,500",Գորիս,https://www.list.am/item/17515893,https:,https://s.list.am/r/436/60492436.jpg
Տրակտոր քաթ,,Արաբկիր,https://www.list.am/item/18011555,https:,https://s.list.am/r/128/64475128.jpg
Տրակտոր տ25 անիվ բանտաժ,"80,000 ֏",Գեղամավան,https://www.list.am/item/18739896,https:,https://s.list.am/r/321/67170321.jpg
Skaut. T 12,"1,350,000 ֏",Տաշիր,https://www.list.am/item/18183863,https:,https://s.list.am/r/833/64041833.jpg
Դետե 75 տրակտոր,"$4,800",Ստեփանավան,https://www.list.am/item/11961314,https:,https://s.list.am/r/513/36402513.jpg
"Ամառային անվադողեր, 120/30 R24","120,000 ֏","Արթիկ, Օգտագործված",https://www.list.am/item/18115548,https:,https://s.list.am/r/441/63672441.jpg
Տրակտոր yto,"$14,000",Արթիկ,https://www.list.am/item/18234934,https:,https://s.list.am/r/154/64324154.jpg
Jsb Cat տրակտոր,,Աբովյան,https://www.list.am/item/18812224,https:,https://s.list.am/r/700/67513700.jpg
Ճապոնական Kubota,,Արագած,https://www.list.am/item/17737008,https:,https://s.list.am/r/914/61668914.jpg
Յումզ տրակտոր,,Վարդենիս,https://www.list.am/item/17282710,https:,https://s.list.am/r/725/59277725.jpg
Տրակտոր т42 լիաքարշ,"$2,800",Տաշիր,https://www.list.am/item/18491381,https:,https://s.list.am/r/304/65740304.jpg
Ճապոնական յանմար,"$11,000",Ապարան,https://www.list.am/item/18654641,https:,https://s.list.am/r/577/66646577.jpg
Դտ 75 տրակտոր,"$6,300",Բերդ,https://www.list.am/item/17565724,https:,https://s.list.am/r/303/60758303.jpg
Տ40 Տրակտոր,"1,400,000 ֏",Սպիտակ,https://www.list.am/item/13496549,https:,https://s.list.am/r/909/60168909.jpg
Դտ 75 թրթուրավոր տրակտոր,"$4,500",Սպիտակ,https://www.list.am/item/18445470,https:,https://s.list.am/r/088/65484088.jpg
ԴՏ 75 տրակտոր (дт 75),"1,900,000 ֏",Ապարան,https://www.list.am/item/17932275,https:,https://s.list.am/r/575/62685575.jpg
Տ150 տրակտոր,,Թալին,https://www.list.am/item/11016978,https:undefined,https:undefined
Յմզ տրակտոր,,Թալին,https://www.list.am/item/12149878,https:,https://s.list.am/r/552/37165552.jpg
Դտ 75 թրթուրավոր տրակտոր,"750,000 ֏",Մուսայելյան,https://www.list.am/item/17755925,https:,https://s.list.am/r/173/61766173.jpg
"շիթ. юмз, трактор","100,000 ֏",Մարտունի,https://www.list.am/item/18778538,https:,https://s.list.am/r/098/67332098.jpg
Տրակտոր 16 փոխանակում անասուններով կովերով,"1,000,000 ֏",Ստեփանավան,https://www.list.am/item/18670864,https:,https://s.list.am/r/764/66738764.jpg
Օրավարձով տրակտոր,,Մալաթիա Սեբաստիա,https://www.list.am/item/17028977,https:,https://s.list.am/r/300/58024300.jpg
Mtz 82 տրակտոր,"$14,000",Մարտունի,https://www.list.am/item/18749752,https:,https://s.list.am/r/552/67172552.jpg
T150 трактор,"$20,000",Գյումրի,https://www.list.am/item/17954137,https:,https://s.list.am/r/925/62985925.jpg
"Բելազի, տրակտորի, կամազի պահեստամասեր","10,000 ֏",Աջափնյակ,https://www.list.am/item/14649165,https:,https://s.list.am/r/796/46827796.jpg
ЮМЗ տրակտոր շարքացան տուկապռես,,Արուճ,https://www.list.am/item/17759779,https:,https://s.list.am/r/485/61785485.jpg
Տրակտոր տ-40,"$2,500",Արմավիր,https://www.list.am/item/17666113,https:,https://s.list.am/r/751/61295751.jpg
"Տ80 տրակտոր, լավ վիճակում է գտնվում",,Նոր Արտագերս,https://www.list.am/item/18839587,https:,https://s.list.am/r/278/68129278.jpg
Մտզ 82 անվավոր տրակտոր,"$7,000",Աբովյան,https://www.list.am/item/18213700,https:,https://s.list.am/r/999/64204999.jpg
DT 75 Տրակտոր,"$4,500",Տաշիր,https://www.list.am/item/17119384,https:,https://s.list.am/r/441/58482441.jpg
T150 տրակտոր,"6,000,000 ֏",Վարդենիս,https://www.list.am/item/18846471,https:,https://s.list.am/r/352/67703352.jpg
Hitachi 30 т Экскаватор excavator exkavator трактор 280 էքսկավատոր екскаватор trturavor տրակտոր,"150,000 ֏ օրական",Շենգավիթ,https://www.list.am/item/16617887,https:,https://s.list.am/r/294/68015294.jpg
JCB екскаватор 2011թ exkavator трактор,"$55,000",Շենգավիթ,https://www.list.am/item/17167970,https:,https://s.list.am/r/451/66943451.jpg
Պատվերով Էքսկավատոր komatsu wb93S excavator Экскаватор exkavator Екскаватор JCB 3CX տրակտոր трактор,"75,000 ֏ օրական",Շենգավիթ,https://www.list.am/item/16952690,https:,https://s.list.am/r/606/67037606.jpg
Պատվերով Էքսկավատոր Экскаватор трактор caterpillar exkavator Екскаватор Cat 428 F jcb տրակտոր,"75,000 ֏ օրական",Շենգավիթ,https://www.list.am/item/17399196,https:,https://s.list.am/r/877/61637877.jpg
FOTON 40.4 իր գործիքներով,"6,300,000 ֏",Մեծ Մանթաշ,https://www.list.am/item/18481701,https:,https://s.list.am/r/747/65684747.jpg
Տրակտոր 16 t16 Տ-16,"$5,000",Ստեփանավան,https://www.list.am/item/18631274,https:,https://s.list.am/r/424/66518424.jpg
Трактор погрузчик,"1,200,000 ֏",Վեդի,https://www.list.am/item/17527611,https:,https://s.list.am/r/879/60557879.jpg
Տ 28 տրակտոր,"1,000,000 ֏",Արմավիր,https://www.list.am/item/18668166,https:,https://s.list.am/r/201/66755201.jpg
Կիրովեց տ150 տրակտոր,"$14,000",Արագածավան,https://www.list.am/item/18436797,https:,https://s.list.am/r/384/65446384.jpg
"Ավտոքարշակ 24 ժ эвакуатор, evacuator",,Դավիթաշեն,https://www.list.am/item/17476018,https:,https://s.list.am/r/614/66428614.jpg
DT-75 трактор,"$123,456,789",Արարատ,https://www.list.am/item/17336055,https:,https://s.list.am/r/815/59543815.jpg
"Պահանջվում է մեխանիզմ վարող (կռան, կամազ շալանդի վարորդ, տրակտոր` caterpiller և կամազ)",,"Շենգավիթ, Մշտական, Ամբողջ դրույք",https://www.list.am/item/18001355,https:undefined,https:undefined
Թրթուռավոր տրակտոր ДТ75,"1,000,000 ֏",Բերդ,https://www.list.am/item/16715937,https:,https://s.list.am/r/291/56397291.jpg
"Մեծ տրակտոր, ավտոմեքենա","5,000 ֏","Նոր Նորք, Նոր",https://www.list.am/item/17634359,https:,https://s.list.am/r/042/61122042.jpg
Տրակտոր տ40,"$3,000",Մրգաշեն,https://www.list.am/item/16959905,https:,https://s.list.am/r/740/57785740.jpg
Տրակտոր Belarus 1221.2,"16,000,000 ֏",Մեղրաշատ,https://www.list.am/item/18252787,https:,https://s.list.am/r/906/64423906.jpg
Տրակտոր տուկապռես կուլտիվատր գերմանկա ե302 խօդհնձիչ գազ 53,"$10,000",Փանիկ,https://www.list.am/item/18580231,https:,https://s.list.am/r/832/67205832.jpg
Տրակտոր RENAULT 155.54TURBO mtz,"$25,000",Սպիտակ,https://www.list.am/item/18921283,https:,https://s.list.am/r/529/68125529.jpg
Ցեպավոր տրակտոր,"5,000,000 ֏",Աբովյան,https://www.list.am/item/18644367,https:undefined,https:undefined
UGEARS Տրակտոր,"12,800 ֏","Կենտրոն, Նոր",https://www.list.am/item/18632262,https:,https://s.list.am/r/323/66524323.jpg
Հողային աշխատանքներ տրակտոր CAT трактор КАТ,,Եղվարդ,https://www.list.am/item/18608589,https:,https://s.list.am/r/298/66399298.jpg
Տրակտոր ՄՏԶ 80,"2,500,000 ֏",Ապարան,https://www.list.am/item/18194025,https:,https://s.list.am/r/653/64099653.jpg
Տրակտորի վարձակալություն,,Էրեբունի,https://www.list.am/item/18326280,https:,https://s.list.am/r/406/64831406.jpg
Кожух стартера. Трактор,"25,000 ֏",Թալին,https://www.list.am/item/18547965,https:,https://s.list.am/r/571/66051571.jpg
Трактор юмз 1991,"$8,400",Էջմիածին,https://www.list.am/item/18376218,https:,https://s.list.am/r/809/65104809.jpg
Т 80 տրակտոր,"1,000,000 ֏",Սիսիան,https://www.list.am/item/17892143,https:,https://s.list.am/r/014/62472014.jpg
Գյուղատնտեսական տեխնիկա,"1,700,000 ֏",Սիսիան,https://www.list.am/item/17892142,https:,https://s.list.am/r/749/62716749.jpg
Մինի տրակտոր,"350,000 ֏",Ապարան,https://www.list.am/item/17992195,https:,https://s.list.am/r/672/63003672.jpg
Беларус трактор,"$6,000",Բյուրակն,https://www.list.am/item/17958867,https:,https://s.list.am/r/938/62826938.jpg
"Բելառուս Տրակտոր, պռես, հացահատիկ ցանող Mtz82 Շարքացան","$12,000",Վարդենիս,https://www.list.am/item/18511347,https:,https://s.list.am/r/619/65849619.jpg
Յումզ տրակտոր yumz юмз Զապչաստ,,Ստեփանավան,https://www.list.am/item/16997466,https:,https://s.list.am/r/530/67725530.jpg
Ymz/Юмз 6к трактор зил 130 փոխանակում,"$5,000",Մարտունի,https://www.list.am/item/18590496,https:,https://s.list.am/r/144/66627144.jpg
Kd 54 տրակտոր,"800,000 ֏",Նոր Հաճըն,https://www.list.am/item/16869389,https:,https://s.list.am/r/708/57199708.jpg
T 42 տրակտոր,"1,000,000 ֏",Նոր Հաճըն,https://www.list.am/item/16869375,https:,https://s.list.am/r/652/57199652.jpg
Дт 75 дорожный трактор,"1,500,000 ֏",Հրազդան,https://www.list.am/item/18088555,https:,https://s.list.am/r/041/63527041.jpg
Տ-150 տրակտոր,"$14,000",Գյումրի,https://www.list.am/item/17016030,https:,https://s.list.am/r/152/57960152.jpg
Ումզ յումզ տրակտոր,"$4,000",Մայակովսկի,https://www.list.am/item/18813187,https:,https://s.list.am/r/693/67527693.jpg
Տրակտորի վարորդ,,"Արարատ, Տրանսպորտ և տաքսի, Միջնակարգ կրթություն, 3-5 տարի",https://www.list.am/item/18664414,https:undefined,https:undefined
ДТ-75трактор,"1,000,000 ֏",Դիլիջան,https://www.list.am/item/15881011,https:,https://s.list.am/r/709/56353709.jpg
Յուտո 804 տուկապրես,"10,500,000 ֏",Արարատ,https://www.list.am/item/18068781,https:,https://s.list.am/r/926/63418926.jpg
"Վաճառք, և օրավարձ էքսկավատոր տրակտոր hyundai цепавой","$99,000",Արաբկիր,https://www.list.am/item/16376681,https:,https://s.list.am/r/572/67604572.jpg
Յումզ տրակտոր ymz umz,"$4,000",Սպիտակ,https://www.list.am/item/18823940,https:,https://s.list.am/r/343/67576343.jpg
Տրակտոր Տ40 42,"$8,000",Մարտունի,https://www.list.am/item/18920105,https:,https://s.list.am/r/024/68119024.jpg
Մոտոբլոկ ձերքի տրակտոր,"550,000 ֏",Արշալույս,https://www.list.am/item/17457633,https:,https://s.list.am/r/498/60184498.jpg
Պատվերով Կամազ և JSB տրակտոր միյասին,,Շենգավիթ,https://www.list.am/item/17389099,https:,https://s.list.am/r/018/61433018.jpg
CAT мини трактор Мини экскаватор,"70,000 ֏ օրական",Գյումրի,https://www.list.am/item/18159906,https:,https://s.list.am/r/022/63915022.jpg
,,,https://www.list.am/category?q=traktr&pg=2,https:undefined,https:undefined
,,,https://www.list.am/category?q=traktr&pg=3,https:undefined,https:undefined
,,,https://www.list.am/category?q=traktr&pg=4,https:undefined,https:undefined
,,,https://www.list.am/category?q=traktr&pg=5,https:undefined,https:undefined
,,,https://www.list.am/category?q=traktr&pg=6,https:undefined,https:undefined
,,,https://www.list.am/category?q=traktr&pg=7,https:undefined,https:undefined
,,,https://www.list.am/category?q=traktr&pg=2,https:undefined,https:undefined
,,,https://www.list.am/ru/category?q=traktr,https:undefined,https:undefined
,,,https://www.list.am/en/category?q=traktr,https:undefined,https:undefined
,,,https://www.list.am/help,https:undefined,https:undefined
,,,https://www.list.am/help/13,https:undefined,https:undefined
,,,https://www.list.am/help/14,https:undefined,https:undefined
